st_number,pos_code,label
128,B3B B0H,business
6355,L5T T2L,business
2600,K1P P1C,business
9400,926 261,business
295,N2L L6R,business
200,275 751,business
13867,840 402,business
5500,H9R R1B,business
60,L3R R0C,business
44,B2Y Y4W,business
2600,K1P P1C,business
50,L9G G4V,business
110,M5V V2K,business
40,M5H H3S,business
295,N2L L6R,business
4931,846 460,business
104,B4N N5G,business
295,N2L L6R,business
11600,N8N N2M,business
7501,852 525,business
477,B1P P5T,business
24,M5V V2B,business
160,K1P P1C,business
658,B3G G1J,business
135,M2H H2S,business
26,B3M M0H,business
1000,B3B B1L,business
5640,T6H H2K,business
3100,L7N N3W,business
2600,K1P P0C,business
2600,K1P P1C,business
295,N2L L6R,business
300,N2L L6R,business
5201,L4W W4H,business
1050,H2Z Z0A,business
725,V7Y Y1G,business
7319,T6E E1T,business
701,S3N N1J,business
1459,B3J J1V,business
295,N2L L6R,business
12,B4N N2E,business
101,V6H H4E,business
85,L6G G1A,business
393,V6V V2K,business
356,B0P P1R,business
1050,H2Z Z0A,business
510,L5B B2N,business
30,B4A A0C,business
908,342 422,business
295,N2L L6R,business
2600,K1P P1C,business
295,N2L L6R,business
4609,834 340,business
2600,K1C C1C,business
5201,B3J J1N,business
1,E2L L4K,business
2600,K1P P1C,business
2600,K1P P1C,business
9785,840 407,business
80,L4H H0T,business
160,K1P P1C,business
375,N5Y Y5V,business
664,B2T T1H,business
12148,V7A A4V,business
24,M5V V2B,business
34,B5A A3H,business
113,H4M M2Z,business
2600,K1P P1C,business
1199,840 406,business
153,M6A A2Y,business
2600,K1P P1C,business
1050,H2Z Z0S,business
1201,852 521,business
340,N3S S7V,business
1959,B3J J3N,business
1700,R3C C0V,business
326,R3T T3T,business
60,B1J 1M6,business
40,B1A 2K7,business
450,B4P 1E2,business
2,B3A 2K2,business
49,B2N 4B5,business
142,B4H 4H4,business
59,B2G 2L2,business
91,B2G 2G9,business
22,B0E 3B0,business
886,B4N 5B8,business
8704,B1K 3R9,business
67,B0W 3M0,business
8741,B0N 2M0,business
1274,B3J 1T6,business
812,B1P 5N7,business
277,B4E 1K1,business
21397,B4H 3Y5,business
143,B2N 6L4,business
1120,B0K 1V0,business
208,B0P 1H0,business
2044,B3L 2X3,business
210,B2N 4S6,business
2390,B0E 1B0,business
123,B4V 2V5,business
11,B2G 1Z7,business
24,B6L 2A6,business
1296,B0E 2K0,business
294,B0M 1H0,business
52,B0H 1P0,business
71,B2G 2V3,business
2443,B3K 4C1,business
850,B1P 5T9,business
108,B4C 3R7,business
1002,B5A 5G9,business
1209,B3H 4P8,business
106,B1A 4W5,business
2499,B1L 1A1,business
12,B0M 2A0,business
339,B2N 5A6,business
14,B2N 3H7,business
5527,B3J 1R2,business
272,B0H 1N0,business
1821,B0M 1P0,business
274,B2A 1B8,business
930,B0N 2M0,business
466,B4P 1E2,business
3087,B0V 1A0,business
14,B3V 1L9,business
11,B0J 2L0,business
300,B3J 1Z4,business
185,B0P 1M0,business
41,B4P 2B4,business
1774,B0S 1N0,business
6025,B3K 1L5,business
9,B2Y 3X1,business
70,B4P 2R2,business
31,B5A 4A5,business
6,B3N 1H2,business
66,B5A 4G4,business
833,B1V 2L9,business
4248,B0E 3L0,business
5896,B3H 3B8,business
2385,B3K 4B8,business
8618,B4H 3Y2,business
3284,B3L 3B3,business
58,B0J 1P0,business
1221,B3J 1Y2,business
7035,B0H 1N0,business
312,B3J 1R9,business
32,B3M 1H5,business
3586,B0P 1J0,business
2767,B2C 1H3,business
1153,B4V 1C3,business
45,B2Y 2N6,business
25,B0R 1E0,business
5682,B3K 1N4,business
43,B3A 4S7,business
25,B2G 1Y8,business
216,B0N 1L0,business
2502,B1L 1A1,business
12,B2A 4P7,business
10089,B0J 1T0,business
102,B3H 1N6,business
132,B0E 3B0,business
11865,B4P 2R3,business
11865,B4P 2R3,business
2473,B3K 4C3,business
1772,B3H 3Z6,business
9319,B4N 3G2,business
209,B3A 4R1,business
6350,B3H 2A1,business
2153,B0S 1A0,business
108,B0S 1M0,business
315,B2Y 1K3,business
111,B2Z 0A4,business
77,B2G 1P4,business
81,B0W 1W0,business
124,B6L 3K3,business
590,B0E 3L0,business
35,B0K 1E0,business
1233,B0P 1H0,business
62,B0N 1C0,business
6160,B0S 1P0,business
9483,B0P 1H0,business
80,B0M 1L0,business
835,B1K 3Y8,business
12,B4P 1Z9,business
325,B3E 1J9,business
325,B3E 1J9,business
979,B0P 1H0,business
22,B0J 1Y0,business
9877,N7M 5J7,business
73,B4V 1C9,business
81,038014426,business
261,B2H 5C2,business
700,B4N 3V8,business
9877,N7M 5J7,business
26,B2G 2L2,business
11986,B0M 1Z0,business
520,B3P 2G3,business
4,B3R 1M4,business
24,B6L 2A6,business
37,B1P 6Y8,business
4060,B6L 1J9,business
25,B2N 1B8,business
197,B4V 5L7,business
2705,B3K 4L3,business
25,B3A 3H9,business
138,B0P 1C0,business
714,B4V 1B4,business
6155,B3L 1J7,business
34,B3H 2N7,business
45,B0E 2W0,business
4946,B0T 1E0,business
408,B3H 2P7,business
6250,B3L 1P5,business
4715,B0M 1B0,business
9877,N7M 5J7,business
2319,B4V 4V7,business
5,B2H 5N9,business
2900,B4R 1A6,business
59,B5T 1G9,business
15856,B0E 1N0,business
9483,B0P 1H0,business
404,B0R 1A0,business
33,B5A 2N7,business
527,B4V 7P4,business
207,B2N 4B5,business
14,B0H 1R0,business
82,B2W 3E5,business
606,B9A 2R7,business
6250,B3L 1N9,business
11,B0K 1V0,business
501,B3L 2C1,business
2203,B3K 3B5,business
1,B4E 2R9,business
209,B4P 1C3,business
751,B0J 1Y0,business
9651,B0E 3B0,business
6136,B3H 4R2,business
852,B0N 2G0,business
66,B2W 5B6,business
8,B3B 1S1,business
3314,B4H 3X9,business
10,B2W 1Y7,business
69,B1P 6Y8,business
3587,B1H 2A4,business
15,B2N 3W3,business
5477,B0N 2P0,business
606,B9A 2R7,business
1459,B3J 3S7,business
2531,B3L 2Y5,business
13371,B0M 1Z0,business
2695,B0N 1P0,business
936,B0E 1H0,business
6895,B3L 2J9,business
50,B0M 1K0,business
24,B4P 1Z9,business
25,B4P 2M8,business
17,B2G 3B7,business
35,B2X 2M1,business
2770,B3K 5E4,business
1,B2Y 1Z7,business
5557,B3K 1C5,business
25,B4H 2R6,business
14,B4P 2J6,business
258,B2H 3H5,business
9453,B4N 3G3,business
39,B2N 3N3,business
2990,B3L 2W4,business
9359,B0E 3B0,business
49,B2W 3K5,business
6146,B0P 1G0,business
15,B1A 4E7,business
7,B3P 1N3,business
211,B2X 3T4,business
201,B2X 3T4,business
54,B1R 1T8,business
153,B1P 2E5,business
2781,B4P 2R1,business
100,B4C 2G5,business
243,B0P 1E0,business
3331,B3L 3B4,business
12,B1K 1E3,business
60,B2N 3K3,business
34,B4N 3N1,business
990,B4N 4B1,business
5508,B3K 2A8,business
3115,B3K 3G9,business
5217,B3K 6A6,business
3437,B0W 1G0,business
30,B4P 1Y7,business
2359,B0E 1A0,business
168,B3G 1E4,business
151,B2N 2S7,business
3372,B3K 3M2,business
3736,B1H 4W6,business
304,B9A 2T9,business
34,B4B 1G7,business
36,B2N 1X5,business
6225,B3L 1K7,business
11265,B0M 1G0,business
15,B2G 2R4,business
75,B4P 2R2,business
2151,B3K 3B5,business
5685,B3J 3C4,business
155,B0P 1E0,business
1040,B5A 5K1,business
71,B4C 3J1,business
31,B3T 1Z6,business
109,B4B 1W6,business
4689,B0J 2M0,business
1,B0M 1X0,business
539,B2H 1R8,business
2,B2W 5C2,business
42,B1S 2M5,business
177,B2W 4K6,business
352,B4V 0B4,business
629,B1Y 2Z3,business
89,B3M 2X5,business
480,B3S 1P9,business
26,B0J 2C0,business
904,B0P 1N0,business
2155,B3L 4P9,business
69,B3N 2G6,business
18,B3S 1C6,business
30,B0J 3A0,business
12014,B0N 1X0,business
236,B0N 2T0,business
5540,B3K 1X2,business
1733,B0P 1R0,business
122,B0N 2T0,business
18,B3P 2A2,business
144,B2V 1H6,business
1799,B2Z 1E9,business
5415,B3H 4K5,business
22,B4C 3M1,business
15,B1P 7C6,business
1261,B0P 1T0,business
4182,B3E 1E6,business
1488,B1P 1P3,business
16147,B4V 6Y1,business
15143,B0P 1R0,business
67,B3N 2G6,business
5498,B3H 1J8,business
2130,B3L 3E3,business
230,B2Y 3R8,business
4,B2G 2L4,business
84,B0V 1A0,business
2402,B2G 2W5,business
639,B2W 0J7,business
1875,B0K 2A0,business
110,B0J 2E0,business
62,B1P 2C7,business
3260,B3K 2X7,business
236,B4N 0A6,business
17,B2X 3L2,business
4,B4E 1A7,business
10089,B0J 1T0,business
450,B0W 1M0,business
43,B0M 1S0,business
40,B0T 1B0,business
1,B2R 1E3,business
60,B2N 3K3,business
811,B0W 3S0,business
449,B2W 4L2,business
16,B2W 6A1,business
5845,B3H 1G3,business
5845,B3H 1G3,business
5651,B3H 1B9,business
181,B3M 1B4,business
3469,B1H 2G4,business
824,B2H 5C6,business
11,B3B 1W4,business
110,B3N 2L1,business
503,B4N 1L4,business
199,B3M 2J9,business
6463,B3L 1V6,business
12391,B6L 5E4,business
1020,B0N 1P0,business
80,B2Y 0A5,business
12,B2G 2S8,business
5,B3T 1A2,business
33,B0W 2J0,business
5228,B3E 1J7,business
290,B1R 1W8,business
1480,B2T 1J1,business
281,B0K 1S0,business
49,B1R 1A1,business
150,B1A 3C1,business
1400,B3H 3Y8,business
3008,B3L 2W5,business
129,B3Z 0G5,business
125,B2N 0C5,business
399,B3Z 4K2,business
24,B2N 3M6,business
28,B2X 2B3,business
39,B0K 1S0,business
4144,B2Z 1R1,business
6036,B3H 1Y9,business
9,B2X 1Z7,business
2499,B0K 2A0,business
77,B2G 1P4,business
5450,B3K 1W8,business
46,B3Z 1B3,business
1475,B4A 3Z5,business
43,B4A 4C4,business
1690,B3T 1P7,business
971,B4G 0A7,business
65,B3N 2G6,business
6,B3S 1G5,business
30,B3T 1J4,business
320,B2W 4T6,business
945,B3H 2Y2,business
468,B2H 1X1,business
60,B3A 4R9,business
22,B4C 2J3,business
22,B4C 2J3,business
21,B1L 1G9,business
31,B1R1T9,business
89,B2G 1P5,business
2875,B3E 1A4,business
50,B3B1W2,business
50,B3B1W2,business
372,B5A 2L2,business
55,B0N 1C0,business
1040,B5A 5K1,business
71,B0K 1S0,business
24,B0K 1H0,business
1,B4H 1X2,business
1252,B0M 1G0,business
1,B3Z 1E5,business
6101,B3H 1T2,business
1355,B3H 4J1,business
8423,B0W 2K0,business
87,B4V 1T2,business
595,B2V 1Y5,business
1215,B4B 2E1,business
721,B1S 2H3,business
535,B0T 1K0,business
91,B2Y 1M1,business
17,B4P 1X4,business
54,B3M 4R9,business
26,B0J 2C0,business
1472,B0W 3J0,business
2717,B3L 4T9,business
10492,B2H 5C7,business
4258,B0W 3M0,business
295,B0S 1P0,business
12280,B0N 1X0,business
15118,B0E 1H0,business
9,B0S 1A0,business
1714,B3T 1B4,business
480,B2T 1M5,business
167,B0S 1P0,business
1063,B0P 1H0,business
3461,B3N 2S7,business
50,B2N 4V3,business
5,B3M 2Y9,business
14,B0T 1W0,business
35,B0T 1W0,business
61,B3A 3G7,business
5251,B3J 1P3,business
27,B4A 3K4,business
28,B2X 1K8,business
33,B2Y 1P1,business
6462,B3L 1X4,business
29,B3M 3A4,business
21,B2W 2R7,business
44,B4C 1A9,business
658,B2S 1C9,business
1,B3Z 1K7,business
59,B3M 3M5,business
81,B2G 2C9,business
108,B0T 1K0,business
2557,B3K 3V6,business
91,B0T 1L0,business
30,B3P 2J8,business
3405,B3K 3M3,business
75,B4V 1V8,business
86,B0N 2A0,business
95,B4G 1C5,business
1250,B1M 1A2,business
121,B0S1M0,business
1094,B3H 2Z9,business
755,B1V 2L4,business
949,B0P 1N0,business
18,B4H 2L6,business
22,B3M 0C2,business
8,B2Y 1Y2,business
53,B5A 3B1,business
15,B2V 2T1,business
64,B0P 1N0,business
91,B4E 3B1,business
567,B4C 2S4,business
1,B3Z 1E5,business
222,B4C 2R4,business
55,B2N 3K8,business
30,B1R 1T8,business
2370,B0K 2A0,business
500,B3M 0E6,business
35,B1S 1M8,business
111,B0N 2J0,business
3,B3M 2C9,business
281,B0K 1S0,business
50,B3M 3B5,business
1710,B4E 3A9,business
7071,B3L 2C2,business
2804,B0N 2H0,business
188,B0J 1J0,business
87,B4V 1T2,business
399,B1P 1E3,business
249,B0M 1P0,business
1406,B4R 1B6,business
15,B3Z 1E4,business
60,B3S 1E2,business
1237,B2V 1N1,business
480,B3S 1P9,business
1555,B3H 3S9,business
9,B4H 2V3,business
176,B0K 1S0,business
2380,B0K 2A0,business
8416,B0N 2M0,business
3514,B3L 4H7,business
139,B2A 3V7,business
15,B3Z 1E4,business
28,B4B 1G7,business
1600,B4A 1E8,business
11,B3P 1N3,business
5447,B3Z 2H9,business
50,B0E 3M0,business
477,B2H 1X1,business
446,B4N 3A1,business
125,B4N 1M5,business
103,B4C 2N1,business
10,B0S 1M0,business
55,B3M 2S6,business
56,B3M 2S8,business
110,B6L 2S5,business
530,B2Y 4V6,business
1094,B6L 4E1,business
264,B2N 2T3,business
92,B4H 3B2,business
3845,B3L 4H9,business
290,B3M 3V3,business
10,B0T 1L0,business
62,B1P 0E1,business
1385,B4E 3A7,business
58,B3S 1E2,business
6583,B3L 1B6,business
17,B2N 4R9,business
2305,B4R 1B4,business
334,B2N 2T7,business
879,B4H 3Y1,business
96,B6L 2S5,business
25,B2A 1Y5,business
83,B2A 2W9,business
500,B1P 3V9,business
125,B1R 1J4,business
7037,B3L 2J1,business
34,B2W 2X3,business
114,B2W 2S7,business
58,B4N 2P9,business
1583,B4G 1C5,business
1040,B4A 1B4,business
358,B3R 1S2,business
2756,B2H 5C6,business
12,B3M 1S5,business
21,B4B 1P3,business
7,B3M 4N7,business
11,B5A 1P6,business
1233,B3J 1Y2,business
169,B2N 1P5,business
650,B3S 0H8,business
14,B2S 1P3,business
65,B4A 0H2,business
94,B3B 0A7,business
194,B2X 2C1,business
3,B3R 1J7,business
29,B0W 1P0,business
83,B0P 1N0,business
5961,B0W 3B0,business
95,B3E 1K2,business
29,B3Z 1H4,business
248,B2T 1C9,business
630,B0P 1R0,business
248,B2T 1C9,business
540,B4A 0C9,business
1378,B4B 1P6,business
1376,B4B 1P6,business
20,B4V 7P8,business
289,B4E 1K1,business
29,B4A 2C3,business
114,B4A 4C5,business
479,B2W 4S1,business
753,B2S 1A8,business
583,B2S 1A4,business
1208,B2S 1T5,business
6117,B3H 2E8,business
77,B1N 2S3,business
106,B5A 4J2,business
15,B0K 1V0,business
54,B0N 2J0,business
864,B1P 1L9,business
52,B2Z 1A2,business
1326,B4A 1C9,business
2236,B3K 2Z9,business
6724,B3L 2R9,business
253,B1N 2H7,business
1969,B3J 3R7,business
402,B2S 2L7,business
5594,B3J 1C2,business
246,B1P 5A4,business
85,B4N 1G8,business
1024,B0J 3A0,business
60,B2N 3K3,business
1559,B1S 1E8,business
166,B3M 2J6,business
20,B0J 1T0,business
30,B4A 0C2,business
86,B3G 1A2,business
19,B0K 1S0,residential
10,B0E 1L0,residential
22,B0M 1X0,residential
10,B1N 1R4,residential
3,B5A 1P3,residential
130,B2N 3X4,residential
3809,B0J 2W0,residential
3792,B3K 3G5,residential
37,B0J 2C0,residential
2,B4B 1J2,residential
123,B0N 2T0,residential
1112,B0H 1H0,residential
115,B0K 1H0,residential
86,B1A 6E1,residential
1,B4C 3H9,residential
3961,B1K 1A6,residential
107,B4V 3J6,residential
10,B0A 1A0,residential
43,BOK 1SO,residential
9,B2N 3Z5,residential
3142,B1H 1N8,residential
235,B1S 3A4,residential
59,B0N 1T0,residential
119,B0E 1N0,residential
12,B0T 1K0,residential
108,B0P 1E0,residential
30,B0W 2M0,residential
41,B5A 1A5,residential
223,B2H 1K7,residential
51,B5A 2M7,residential
1385,B0E 2K0,residential
350,B1P2M9,residential
2884,B0A 1N0,residential
51,B4A 2B9,residential
77,B0W 2Z0,residential
7,B4H 2A6,residential
6,B4H 1L5,residential
144,B3L 4J5,residential
365,B0P 1R0,residential
695,B2H 5W6,residential
10,B0T 1K0,residential
40,B2N 4L4,residential
20,B2W 5C2,residential
26,B0N 2J0,residential
142,B0K 1S0,residential
14043,BOP 1PO,residential
393,B0E 2V0,residential
871,BOP 1J0,residential
1714,BOK 2AO,residential
35,B0J 2E0,residential
1090,BOP 1CO,residential
1249,1N7,residential
250,B1N 2T1,residential
3,B5A 1Z7,residential
2,B0K 1X0,residential
46,B2N 4L4,residential
50,B1R 1J1,residential
21,B0E 2L0,residential
105,B0M 1S0,residential
95,B0S 1A0,residential
19,B1N 3E8,residential
669,B1H 4G5,residential
100,B0M 1P0,residential
129,B0S 1C0,residential
20,B2G 1W5,residential
1696,B0K 2A0,residential
55,B2Y 4G4,residential
1688,B0K 2A0,residential
41,B2T 1K5,residential
9040,B0N 2C0,residential
55,B4N 2B6,residential
55,B4N 2B6,residential
119,B0J 2C0,residential
77,B0M 1S0,residential
1419,B4H 3Y4,residential
20,B1P 6R1,residential
16,B3A 3B7,residential
87,B0N 2T0,residential
9,B2A 1A2,residential
1,B2Y 4A7,residential
664,B0N 1Z0,residential
16,B0S 1M0,residential
22,B1P 6R1,residential
32,B0A 1V0,residential
27,B3E 1H9,residential
1,B0M 1X0,residential
1130,B0E 1N0,residential
20,B0M 1X0,residential
6,B0K 1Y0,residential
8,B2Y 4K1,residential
28,B0N 1X0,residential
1,B0M 1X0,residential
27,B0E 1A0,residential
49,B0M 1L0,residential
312,B1P 6P4,residential
3309,B0E 1K0,residential
57,B2G 2H3,residential
763,B1H 4S9,residential
1,B5A 2W2,residential
70,B0N 2T0,residential
35,1X0,residential
1935,B3G 1J2,residential
27,B1S 2R9,residential
160,B1S 2V7,residential
20,B5A 4A6,residential
2512,B0K 1H0,residential
48,B0N 2H0,residential
97,B0S 1A0,residential
345,B2H 3V7,residential
29,B0K 1H0,residential
22,B0K 1S0,residential
50,B1V 3G1,residential
18,B2W 5C2,residential
23,B2N 5A9,residential
48,B0V 1A0,residential
55,B4N 2B6,residential
3,B1A 4A8,residential
64,B2N 4L4,residential
108,B0V 1A0,residential
144,B4H 1Y1,residential
1525,B0K 1G0,residential
235,B2H 3S9,residential
30,B2N 4K6,residential
881,BOP 1R0,residential
169,B0P 1E0,residential
8394,B0W 2J0,residential
10074,B0E 3B0,residential
12484,B0H 1P0,residential
5515,B3H 4J9,residential
1052,B4N 3J5,residential
20,B0K 1N0,residential
11,BOP 1PO,residential
79,B3A 4W6,residential
350,B2N 1L3,residential
29,B0A 1E0,residential
19,B0E 1N0,residential
125,B0W 3P0,residential
27,B0A 1T0,residential
16,B2W 5C2,residential
221,B2H 1K7,residential
170,B0K1V0,residential
370,B2N 1L3,residential
1023,BOP 1HO,residential
143,B0P 1E0,residential
15,B2G 1W4,residential
48,B4H 2A7,residential
453,B9A 2K1,residential
45,B2Y 4M7,residential
146,B0N 2T0,residential
10076,B0E 3B0,residential
51,B0M 1S0,residential
76,B1H 4Z6,residential
22,B2W 5C2,residential
28,B0E 1S0,residential
71,B0T 1L0,residential
30,B0A 1E0,residential
20,B4H 3M5,residential
1602,B0T 1W0,residential
118,B0M 1S0,residential
55,B4N 2B6,residential
48,B0K 1H0,residential
86,B1A 6E1,residential
5600,B0M 1B0,residential
6,B3P 2M8,residential
3340,B3K 5T4,residential
41,B2N 4S1,residential
37,B0A 1A0,residential
955,B2P 6R6,residential
61,B4V 3N8,residential
365,BOP 1RO,residential
115,B0K 1H0,residential
326,B0T 1P0,residential
55,B4N 2B6,residential
192,B0S 1C0,residential
16,B0E 1P0,residential
103,B3M 1A8,residential
346,B2H 5J7,residential
2,B5A 1Z9,residential
23,B0E 2W0,residential
16,B0P 1X0,residential
19,B0J 2L0,residential
2,B5A 4K7,residential
5008,B0M 1P0,residential
235,B2H 3S9,residential
1700,B0L 1G0,residential
25,B2G 1W4,residential
1,B2W 3Y5,residential
19,B0E 1N0,residential
110,B0P 1L0,residential
21,B0E 2W0,residential
116,B0W 3T0,residential
12,B0K 1H0,residential
43,B0W 1X0,residential
1692,B0K 2A0,residential
5,B0A 1M0,residential
11,B4V 3B4,residential
39,B0J 1H0,residential
1108,B0S 1E0,residential
51,B0V 1A0,residential
43,BOK 1S0,residential
450,BOH 1SO,residential
3,B4H 4G4,residential
32,B0V 1B0,residential
43,B0K 1S0,residential
12,B0N 2S0,residential
36,B3G 1A1,residential
1061,B4N 3J5,residential
430,B0E 1V0,residential
227,B2H 3S9,residential
142,B0K 1S0,residential
621,BON 1C0,residential
21,B0E 1N0,residential
28,B0R 1E0,residential
11,B0E 1N0,residential
466,B0P 1R0,residential
55,B4N 2B6,residential
14,B0J 3M0,residential
72,B0N 2T0,residential
73,BON 2T0,residential
169,B0L 1A0,residential
5565,B3K 5K9,residential
179,B0K 1W0,residential
87,B0V 1A0,residential
30,B1S 3B5,residential
22,B0M 1X0,residential
364,B2H 3N8,residential
138,B0V 1A0,residential
1089,B0M 1G0,residential
245,B1H2Z9,residential
557,B1H 4C2,residential
1126,B0S 1B0,residential
59,B4V 3T8,residential
9,B3Z 1H3,residential
55,B4N 2B6,residential
138,B2G 1Y1,residential
2,B4H 3L5,residential
3474,B0W 1G0,residential
14,B3A 3B7,residential
5594,B3K 4B1,residential
135,B0M 1S0,residential
109,B5A 3B6,residential
31,B0E 1X0,residential
8652,B0E 2X0,residential
1722,B0W 1M0,residential
3450,B3K 5R5,residential
2406,B3K 3C1,residential
56,B0W 3M0,residential
17,B0K 1X0,residential
3,B3M 4P8,residential
11,B5A 4C7,residential
491,B1P 6R4,residential
861,B0H 1V0,residential
21,B0E 1H0,residential
8240,B2H 5C4,residential
1,B0J 1T0,residential
130,B1P 6N2,residential
4872,B0W 2Y0,residential
1700,B0L 1G0,residential
51,B4E 1V4,residential
20,B4C 3E7,residential
268,B0A 1E0,residential
81,B4H 1C7,residential
2,B1A 5S1,residential
747,B1H4S9,residential
14,B0J 3B0,residential
98,B0E 1N0,residential
6841,B30 2J9,residential
19,B0K 1L0,residential
56,BOH 1NO,residential
1746,B3T 1M8,residential
46,B1A 3X5,residential
33,B0J 2E0,residential
34,BOJ 2M0,residential
1054,BOP 1TO,residential
3331,B1H 4S9,residential
807,BOK ICO,residential
15,B0T 1B0,residential
487,B1P 6R4,residential
166,B3P 2N8,residential
55,B1A 6E4,residential
16,B0M 1X0,residential
6127,BOK 1SO,residential
64,B4H 3K4,residential
1186,B3H 4K9,residential
116,B0T 1K0,residential
26,B1P 6R1,residential
7001,B3L 4R4,residential
28,B0W 1P0,residential
6026,B0K 1X0,residential
28,BOP 1XO,residential
232,B0T 1W0,residential
3093,B5A 4A5,residential
